,month,week,hour,access_count
0,8,Sunday,23,23
1,8,Sunday,22,70
2,8,Sunday,21,97
3,8,Sunday,20,49
4,8,Sunday,19,30
5,8,Sunday,18,96
6,8,Sunday,17,123
7,8,Sunday,16,89
8,8,Sunday,15,141
9,8,Sunday,14,101
10,8,Sunday,13,45
11,8,Sunday,12,52
12,8,Sunday,11,89
13,8,Sunday,10,125
14,8,Sunday,9,153
15,8,Sunday,8,187
16,8,Sunday,7,201
17,8,Sunday,6,142
18,8,Sunday,5,40
19,8,Sunday,4,4
20,8,Sunday,2,1
21,8,Sunday,1,1
22,8,Sunday,0,5
23,8,Saturday,23,23
24,8,Saturday,22,76
25,8,Saturday,21,113
26,8,Saturday,20,78
27,8,Saturday,19,45
28,8,Saturday,18,129
29,8,Saturday,17,146
30,8,Saturday,16,102
31,8,Saturday,15,163
32,8,Saturday,14,154
33,8,Saturday,13,85
34,8,Saturday,12,49
35,8,Saturday,11,90
36,8,Saturday,10,133
37,8,Saturday,9,187
38,8,Saturday,8,271
39,8,Saturday,7,222
40,8,Saturday,6,173
41,8,Saturday,5,69
42,8,Saturday,4,7
43,8,Saturday,2,4
44,8,Saturday,1,4
45,8,Saturday,0,7
46,8,Monday,1,5
47,8,Monday,0,6
48,7,Wednesday,23,138
49,7,Wednesday,22,342
50,7,Wednesday,21,550
51,7,Wednesday,20,433
52,7,Wednesday,19,436
53,7,Wednesday,18,462
54,7,Wednesday,17,476
55,7,Wednesday,16,481
56,7,Wednesday,15,592
57,7,Wednesday,14,427
58,7,Wednesday,13,146
59,7,Wednesday,12,103
60,7,Wednesday,11,183
61,7,Wednesday,10,493
62,7,Wednesday,9,563
63,7,Wednesday,8,752
64,7,Wednesday,7,918
65,7,Wednesday,6,811
66,7,Wednesday,5,326
67,7,Wednesday,4,66
68,7,Wednesday,3,3
69,7,Wednesday,2,5
70,7,Wednesday,1,14
71,7,Wednesday,0,37
72,7,Tuesday,23,128
73,7,Tuesday,22,312
74,7,Tuesday,21,466
75,7,Tuesday,20,443
76,7,Tuesday,19,381
77,7,Tuesday,18,372
78,7,Tuesday,17,468
79,7,Tuesday,16,382
80,7,Tuesday,15,501
81,7,Tuesday,14,368
82,7,Tuesday,13,133
83,7,Tuesday,12,70
84,7,Tuesday,11,165
85,7,Tuesday,10,354
86,7,Tuesday,9,482
87,7,Tuesday,8,702
88,7,Tuesday,7,778
89,7,Tuesday,6,666
90,7,Tuesday,5,294
91,7,Tuesday,4,48
92,7,Tuesday,3,9
93,7,Tuesday,2,12
94,7,Tuesday,1,21
95,7,Tuesday,0,32
96,7,Thursday,23,125
97,7,Thursday,22,368
98,7,Thursday,21,521
99,7,Thursday,20,734
100,7,Thursday,19,548
101,7,Thursday,18,523
102,7,Thursday,17,540
103,7,Thursday,16,462
104,7,Thursday,15,362
105,7,Thursday,14,303
106,7,Thursday,13,130
107,7,Thursday,12,85
108,7,Thursday,11,240
109,7,Thursday,10,424
110,7,Thursday,9,562
111,7,Thursday,8,877
112,7,Thursday,7,932
113,7,Thursday,6,809
114,7,Thursday,5,333
115,7,Thursday,4,59
116,7,Thursday,3,7
117,7,Thursday,2,6
118,7,Thursday,1,28
119,7,Thursday,0,35
120,7,Sunday,23,73
121,7,Sunday,22,306
122,7,Sunday,21,359
123,7,Sunday,20,234
124,7,Sunday,19,160
125,7,Sunday,18,420
126,7,Sunday,17,465
127,7,Sunday,16,296
128,7,Sunday,15,549
129,7,Sunday,14,421
130,7,Sunday,13,176
131,7,Sunday,12,206
132,7,Sunday,11,389
133,7,Sunday,10,503
134,7,Sunday,9,550
135,7,Sunday,8,783
136,7,Sunday,7,766
137,7,Sunday,6,495
138,7,Sunday,5,150
139,7,Sunday,4,28
140,7,Sunday,3,6
141,7,Sunday,2,3
142,7,Sunday,1,9
143,7,Sunday,0,22
144,7,Saturday,23,89
145,7,Saturday,22,285
146,7,Saturday,21,450
147,7,Saturday,20,269
148,7,Saturday,19,212
149,7,Saturday,18,567
150,7,Saturday,17,567
151,7,Saturday,16,416
152,7,Saturday,15,655
153,7,Saturday,14,564
154,7,Saturday,13,264
155,7,Saturday,12,221
156,7,Saturday,11,383
157,7,Saturday,10,547
158,7,Saturday,9,679
159,7,Saturday,8,872
160,7,Saturday,7,890
161,7,Saturday,6,605
162,7,Saturday,5,254
163,7,Saturday,4,37
164,7,Saturday,3,6
165,7,Saturday,2,8
166,7,Saturday,1,13
167,7,Saturday,0,25
168,7,Monday,23,120
169,7,Monday,22,308
170,7,Monday,21,435
171,7,Monday,20,510
172,7,Monday,19,450
173,7,Monday,18,389
174,7,Monday,17,500
175,7,Monday,16,374
176,7,Monday,15,296
177,7,Monday,14,279
178,7,Monday,13,98
179,7,Monday,12,76
180,7,Monday,11,162
181,7,Monday,10,376
182,7,Monday,9,404
183,7,Monday,8,492
184,7,Monday,7,522
185,7,Monday,6,433
186,7,Monday,5,196
187,7,Monday,4,25
188,7,Monday,3,3
189,7,Monday,2,2
190,7,Monday,1,3
191,7,Monday,0,19
192,7,Friday,23,192
193,7,Friday,22,400
194,7,Friday,21,540
195,7,Friday,20,498
196,7,Friday,19,374
197,7,Friday,18,270
198,7,Friday,17,389
199,7,Friday,16,388
200,7,Friday,15,407
201,7,Friday,14,395
202,7,Friday,13,180
203,7,Friday,12,100
204,7,Friday,11,232
205,7,Friday,10,540
206,7,Friday,9,645
207,7,Friday,8,867
208,7,Friday,7,895
209,7,Friday,6,813
210,7,Friday,5,333
211,7,Friday,4,61
212,7,Friday,3,3
213,7,Friday,2,12
214,7,Friday,1,20
215,7,Friday,0,27
216,6,Wednesday,23,69
217,6,Wednesday,22,182
218,6,Wednesday,21,322
219,6,Wednesday,20,253
220,6,Wednesday,19,259
221,6,Wednesday,18,369
222,6,Wednesday,17,355
223,6,Wednesday,16,307
224,6,Wednesday,15,423
225,6,Wednesday,14,278
226,6,Wednesday,13,122
227,6,Wednesday,12,51
228,6,Wednesday,11,114
229,6,Wednesday,10,204
230,6,Wednesday,9,292
231,6,Wednesday,8,470
232,6,Wednesday,7,544
233,6,Wednesday,6,466
234,6,Wednesday,5,198
235,6,Wednesday,4,32
236,6,Wednesday,2,10
237,6,Wednesday,1,7
238,6,Wednesday,0,15
239,6,Tuesday,23,94
240,6,Tuesday,22,274
241,6,Tuesday,21,379
242,6,Tuesday,20,401
243,6,Tuesday,19,398
244,6,Tuesday,18,380
245,6,Tuesday,17,439
246,6,Tuesday,16,405
247,6,Tuesday,15,501
248,6,Tuesday,14,424
249,6,Tuesday,13,132
250,6,Tuesday,12,67
251,6,Tuesday,11,136
252,6,Tuesday,10,296
253,6,Tuesday,9,402
254,6,Tuesday,8,597
255,6,Tuesday,7,677
256,6,Tuesday,6,683
257,6,Tuesday,5,270
258,6,Tuesday,4,33
259,6,Tuesday,3,5
260,6,Tuesday,2,7
261,6,Tuesday,1,15
262,6,Tuesday,0,27
263,6,Thursday,23,57
264,6,Thursday,22,193
265,6,Thursday,21,273
266,6,Thursday,20,336
267,6,Thursday,19,415
268,6,Thursday,18,276
269,6,Thursday,17,312
270,6,Thursday,16,296
271,6,Thursday,15,257
272,6,Thursday,14,205
273,6,Thursday,13,97
274,6,Thursday,12,45
275,6,Thursday,11,153
276,6,Thursday,10,246
277,6,Thursday,9,327
278,6,Thursday,8,478
279,6,Thursday,7,556
280,6,Thursday,6,533
281,6,Thursday,5,229
282,6,Thursday,4,32
283,6,Thursday,3,9
284,6,Thursday,2,4
285,6,Thursday,1,12
286,6,Thursday,0,18
287,6,Sunday,23,97
288,6,Sunday,22,234
289,6,Sunday,21,318
290,6,Sunday,20,200
291,6,Sunday,19,156
292,6,Sunday,18,379
293,6,Sunday,17,466
294,6,Sunday,16,284
295,6,Sunday,15,470
296,6,Sunday,14,351
297,6,Sunday,13,170
298,6,Sunday,12,240
299,6,Sunday,11,388
300,6,Sunday,10,522
301,6,Sunday,9,502
302,6,Sunday,8,696
303,6,Sunday,7,611
304,6,Sunday,6,415
305,6,Sunday,5,156
306,6,Sunday,4,25
307,6,Sunday,3,7
308,6,Sunday,2,8
309,6,Sunday,1,9
310,6,Sunday,0,20
311,6,Saturday,23,74
312,6,Saturday,22,243
313,6,Saturday,21,378
314,6,Saturday,20,260
315,6,Saturday,19,221
316,6,Saturday,18,505
317,6,Saturday,17,509
318,6,Saturday,16,359
319,6,Saturday,15,581
320,6,Saturday,14,501
321,6,Saturday,13,293
322,6,Saturday,12,238
323,6,Saturday,11,368
324,6,Saturday,10,525
325,6,Saturday,9,611
326,6,Saturday,8,787
327,6,Saturday,7,681
328,6,Saturday,6,506
329,6,Saturday,5,207
330,6,Saturday,4,22
331,6,Saturday,3,6
332,6,Saturday,2,12
333,6,Saturday,1,10
334,6,Saturday,0,29
335,6,Monday,23,91
336,6,Monday,22,225
337,6,Monday,21,357
338,6,Monday,20,482
339,6,Monday,19,506
340,6,Monday,18,364
341,6,Monday,17,458
342,6,Monday,16,318
343,6,Monday,15,289
344,6,Monday,14,220
345,6,Monday,13,118
346,6,Monday,12,63
347,6,Monday,11,134
348,6,Monday,10,254
349,6,Monday,9,350
350,6,Monday,8,440
351,6,Monday,7,559
352,6,Monday,6,454
353,6,Monday,5,203
354,6,Monday,4,25
355,6,Monday,3,6
356,6,Monday,2,4
357,6,Monday,1,10
358,6,Monday,0,20
359,6,Friday,23,71
360,6,Friday,22,203
361,6,Friday,21,299
362,6,Friday,20,310
363,6,Friday,19,289
364,6,Friday,18,199
365,6,Friday,17,302
366,6,Friday,16,275
367,6,Friday,15,300
368,6,Friday,14,208
369,6,Friday,13,116
370,6,Friday,12,56
371,6,Friday,11,101
372,6,Friday,10,277
373,6,Friday,9,324
374,6,Friday,8,507
375,6,Friday,7,539
376,6,Friday,6,500
377,6,Friday,5,217
378,6,Friday,4,22
379,6,Friday,3,3
380,6,Friday,2,4
381,6,Friday,1,7
382,6,Friday,0,16
383,5,Wednesday,23,42
384,5,Wednesday,22,169
385,5,Wednesday,21,215
386,5,Wednesday,20,183
387,5,Wednesday,19,232
388,5,Wednesday,18,281
389,5,Wednesday,17,265
390,5,Wednesday,16,263
391,5,Wednesday,15,455
392,5,Wednesday,14,329
393,5,Wednesday,13,164
394,5,Wednesday,12,78
395,5,Wednesday,11,159
396,5,Wednesday,10,221
397,5,Wednesday,9,295
398,5,Wednesday,8,413
399,5,Wednesday,7,445
400,5,Wednesday,6,362
401,5,Wednesday,5,131
402,5,Wednesday,4,9
403,5,Wednesday,3,2
404,5,Wednesday,2,6
405,5,Wednesday,1,3
406,5,Wednesday,0,6
407,5,Tuesday,23,31
408,5,Tuesday,22,130
409,5,Tuesday,21,176
410,5,Tuesday,20,233
411,5,Tuesday,19,293
412,5,Tuesday,18,285
413,5,Tuesday,17,314
414,5,Tuesday,16,278
415,5,Tuesday,15,373
416,5,Tuesday,14,345
417,5,Tuesday,13,137
418,5,Tuesday,12,83
419,5,Tuesday,11,153
420,5,Tuesday,10,239
421,5,Tuesday,9,300
422,5,Tuesday,8,418
423,5,Tuesday,7,443
424,5,Tuesday,6,418
425,5,Tuesday,5,139
426,5,Tuesday,4,19
427,5,Tuesday,3,1
428,5,Tuesday,2,4
429,5,Tuesday,1,5
430,5,Tuesday,0,9
431,5,Thursday,23,34
432,5,Thursday,22,123
433,5,Thursday,21,184
434,5,Thursday,20,215
435,5,Thursday,19,286
436,5,Thursday,18,197
437,5,Thursday,17,201
438,5,Thursday,16,254
439,5,Thursday,15,246
440,5,Thursday,14,248
441,5,Thursday,13,164
442,5,Thursday,12,76
443,5,Thursday,11,174
444,5,Thursday,10,271
445,5,Thursday,9,294
446,5,Thursday,8,428
447,5,Thursday,7,471
448,5,Thursday,6,399
449,5,Thursday,5,170
450,5,Thursday,4,25
451,5,Thursday,3,6
452,5,Thursday,2,7
453,5,Thursday,1,4
454,5,Thursday,0,3
455,5,Sunday,23,89
456,5,Sunday,22,240
457,5,Sunday,21,304
458,5,Sunday,20,216
459,5,Sunday,19,167
460,5,Sunday,18,338
461,5,Sunday,17,460
462,5,Sunday,16,312
463,5,Sunday,15,456
464,5,Sunday,14,328
465,5,Sunday,13,210
466,5,Sunday,12,273
467,5,Sunday,11,523
468,5,Sunday,10,514
469,5,Sunday,9,601
470,5,Sunday,8,758
471,5,Sunday,7,664
472,5,Sunday,6,484
473,5,Sunday,5,168
474,5,Sunday,4,28
475,5,Sunday,3,9
476,5,Sunday,2,10
477,5,Sunday,1,11
478,5,Sunday,0,23
479,5,Saturday,23,70
480,5,Saturday,22,255
481,5,Saturday,21,337
482,5,Saturday,20,262
483,5,Saturday,19,251
484,5,Saturday,18,420
485,5,Saturday,17,540
486,5,Saturday,16,369
487,5,Saturday,15,605
488,5,Saturday,14,471
489,5,Saturday,13,274
490,5,Saturday,12,272
491,5,Saturday,11,435
492,5,Saturday,10,557
493,5,Saturday,9,646
494,5,Saturday,8,879
495,5,Saturday,7,711
496,5,Saturday,6,561
497,5,Saturday,5,158
498,5,Saturday,4,17
499,5,Saturday,3,7
500,5,Saturday,2,9
501,5,Saturday,1,3
502,5,Saturday,0,6
503,5,Monday,23,33
504,5,Monday,22,102
505,5,Monday,21,193
506,5,Monday,20,211
507,5,Monday,19,223
508,5,Monday,18,201
509,5,Monday,17,246
510,5,Monday,16,242
511,5,Monday,15,231
512,5,Monday,14,269
513,5,Monday,13,132
514,5,Monday,12,63
515,5,Monday,11,126
516,5,Monday,10,259
517,5,Monday,9,277
518,5,Monday,8,365
519,5,Monday,7,394
520,5,Monday,6,341
521,5,Monday,5,123
522,5,Monday,4,8
523,5,Monday,3,4
524,5,Monday,2,2
525,5,Monday,1,5
526,5,Monday,0,14
527,5,Friday,23,48
528,5,Friday,22,160
529,5,Friday,21,253
530,5,Friday,20,250
531,5,Friday,19,275
532,5,Friday,18,208
533,5,Friday,17,263
534,5,Friday,16,289
535,5,Friday,15,302
536,5,Friday,14,295
537,5,Friday,13,162
538,5,Friday,12,103
539,5,Friday,11,197
540,5,Friday,10,353
541,5,Friday,9,370
542,5,Friday,8,511
543,5,Friday,7,631
544,5,Friday,6,462
545,5,Friday,5,185
546,5,Friday,4,8
547,5,Friday,3,3
548,5,Friday,2,3
549,5,Friday,1,1
550,5,Friday,0,18
551,4,Wednesday,23,34
552,4,Wednesday,22,141
553,4,Wednesday,21,227
554,4,Wednesday,20,171
555,4,Wednesday,19,193
556,4,Wednesday,18,250
557,4,Wednesday,17,253
558,4,Wednesday,16,323
559,4,Wednesday,15,452
560,4,Wednesday,14,328
561,4,Wednesday,13,154
562,4,Wednesday,12,116
563,4,Wednesday,11,209
564,4,Wednesday,10,305
565,4,Wednesday,9,345
566,4,Wednesday,8,400
567,4,Wednesday,7,480
568,4,Wednesday,6,408
569,4,Wednesday,5,145
570,4,Wednesday,4,17
571,4,Wednesday,3,1
572,4,Wednesday,2,4
573,4,Wednesday,1,5
574,4,Wednesday,0,4
575,4,Tuesday,23,23
576,4,Tuesday,22,123
577,4,Tuesday,21,143
578,4,Tuesday,20,162
579,4,Tuesday,19,196
580,4,Tuesday,18,181
581,4,Tuesday,17,255
582,4,Tuesday,16,285
583,4,Tuesday,15,291
584,4,Tuesday,14,232
585,4,Tuesday,13,126
586,4,Tuesday,12,99
587,4,Tuesday,11,126
588,4,Tuesday,10,227
589,4,Tuesday,9,284
590,4,Tuesday,8,401
591,4,Tuesday,7,422
592,4,Tuesday,6,358
593,4,Tuesday,5,113
594,4,Tuesday,4,18
595,4,Tuesday,3,1
596,4,Tuesday,2,7
597,4,Tuesday,1,1
598,4,Tuesday,0,5
599,4,Thursday,23,29
600,4,Thursday,22,129
601,4,Thursday,21,214
602,4,Thursday,20,205
603,4,Thursday,19,274
604,4,Thursday,18,185
605,4,Thursday,17,234
606,4,Thursday,16,245
607,4,Thursday,15,269
608,4,Thursday,14,264
609,4,Thursday,13,193
610,4,Thursday,12,105
611,4,Thursday,11,179
612,4,Thursday,10,263
613,4,Thursday,9,376
614,4,Thursday,8,463
615,4,Thursday,7,530
616,4,Thursday,6,433
617,4,Thursday,5,180
618,4,Thursday,4,30
619,4,Thursday,3,6
620,4,Thursday,2,4
621,4,Thursday,1,8
622,4,Thursday,0,13
623,4,Sunday,23,60
624,4,Sunday,22,179
625,4,Sunday,21,221
626,4,Sunday,20,152
627,4,Sunday,19,88
628,4,Sunday,18,198
629,4,Sunday,17,284
630,4,Sunday,16,296
631,4,Sunday,15,317
632,4,Sunday,14,176
633,4,Sunday,13,120
634,4,Sunday,12,226
635,4,Sunday,11,354
636,4,Sunday,10,368
637,4,Sunday,9,443
638,4,Sunday,8,514
639,4,Sunday,7,478
640,4,Sunday,6,331
641,4,Sunday,5,112
642,4,Sunday,4,30
643,4,Sunday,3,5
644,4,Sunday,2,6
645,4,Sunday,1,2
646,4,Sunday,0,22
647,4,Saturday,23,47
648,4,Saturday,22,164
649,4,Saturday,21,225
650,4,Saturday,20,175
651,4,Saturday,19,119
652,4,Saturday,18,247
653,4,Saturday,17,365
654,4,Saturday,16,314
655,4,Saturday,15,377
656,4,Saturday,14,234
657,4,Saturday,13,191
658,4,Saturday,12,187
659,4,Saturday,11,338
660,4,Saturday,10,407
661,4,Saturday,9,503
662,4,Saturday,8,549
663,4,Saturday,7,467
664,4,Saturday,6,402
665,4,Saturday,5,103
666,4,Saturday,4,19
667,4,Saturday,3,5
668,4,Saturday,2,5
669,4,Saturday,1,1
670,4,Saturday,0,7
671,4,Monday,23,21
672,4,Monday,22,86
673,4,Monday,21,150
674,4,Monday,20,164
675,4,Monday,19,187
676,4,Monday,18,175
677,4,Monday,17,196
678,4,Monday,16,186
679,4,Monday,15,198
680,4,Monday,14,222
681,4,Monday,13,122
682,4,Monday,12,78
683,4,Monday,11,130
684,4,Monday,10,206
685,4,Monday,9,297
686,4,Monday,8,318
687,4,Monday,7,392
688,4,Monday,6,309
689,4,Monday,5,123
690,4,Monday,4,12
691,4,Monday,3,4
692,4,Monday,1,11
693,4,Monday,0,16
694,4,Friday,23,28
695,4,Friday,22,102
696,4,Friday,21,136
697,4,Friday,20,159
698,4,Friday,19,148
699,4,Friday,18,118
700,4,Friday,17,133
701,4,Friday,16,176
702,4,Friday,15,165
703,4,Friday,14,184
704,4,Friday,13,132
705,4,Friday,12,79
706,4,Friday,11,130
707,4,Friday,10,267
708,4,Friday,9,290
709,4,Friday,8,373
710,4,Friday,7,423
711,4,Friday,6,300
712,4,Friday,5,126
713,4,Friday,4,8
714,4,Friday,3,1
715,4,Friday,2,2
716,4,Friday,1,1
717,4,Friday,0,9
718,3,Wednesday,23,18
719,3,Wednesday,22,51
720,3,Wednesday,21,86
721,3,Wednesday,20,91
722,3,Wednesday,19,111
723,3,Wednesday,18,129
724,3,Wednesday,17,137
725,3,Wednesday,16,102
726,3,Wednesday,15,188
727,3,Wednesday,14,175
728,3,Wednesday,13,96
729,3,Wednesday,12,77
730,3,Wednesday,11,96
731,3,Wednesday,10,188
732,3,Wednesday,9,169
733,3,Wednesday,8,232
734,3,Wednesday,7,232
735,3,Wednesday,6,142
736,3,Wednesday,5,53
737,3,Wednesday,4,12
738,3,Wednesday,3,1
739,3,Wednesday,1,4
740,3,Wednesday,0,8
741,3,Tuesday,23,24
742,3,Tuesday,22,69
743,3,Tuesday,21,97
744,3,Tuesday,20,117
745,3,Tuesday,19,139
746,3,Tuesday,18,175
747,3,Tuesday,17,211
748,3,Tuesday,16,168
749,3,Tuesday,15,217
750,3,Tuesday,14,205
751,3,Tuesday,13,122
752,3,Tuesday,12,85
753,3,Tuesday,11,136
754,3,Tuesday,10,209
755,3,Tuesday,9,271
756,3,Tuesday,8,340
757,3,Tuesday,7,304
758,3,Tuesday,6,238
759,3,Tuesday,5,72
760,3,Tuesday,4,6
761,3,Tuesday,3,1
762,3,Tuesday,2,2
763,3,Tuesday,1,4
764,3,Tuesday,0,6
765,3,Thursday,23,15
766,3,Thursday,22,52
767,3,Thursday,21,80
768,3,Thursday,20,97
769,3,Thursday,19,126
770,3,Thursday,18,105
771,3,Thursday,17,108
772,3,Thursday,16,100
773,3,Thursday,15,107
774,3,Thursday,14,126
775,3,Thursday,13,105
776,3,Thursday,12,64
777,3,Thursday,11,108
778,3,Thursday,10,179
779,3,Thursday,9,198
780,3,Thursday,8,251
781,3,Thursday,7,292
782,3,Thursday,6,203
783,3,Thursday,5,72
784,3,Thursday,4,19
785,3,Thursday,3,1
786,3,Thursday,2,4
787,3,Thursday,1,8
788,3,Thursday,0,9
789,3,Sunday,23,75
790,3,Sunday,22,181
791,3,Sunday,21,232
792,3,Sunday,20,160
793,3,Sunday,19,110
794,3,Sunday,18,200
795,3,Sunday,17,245
796,3,Sunday,16,145
797,3,Sunday,15,234
798,3,Sunday,14,231
799,3,Sunday,13,109
800,3,Sunday,12,120
801,3,Sunday,11,283
802,3,Sunday,10,454
803,3,Sunday,9,402
804,3,Sunday,8,461
805,3,Sunday,7,433
806,3,Sunday,6,262
807,3,Sunday,5,84
808,3,Sunday,4,30
809,3,Sunday,3,6
810,3,Sunday,2,3
811,3,Sunday,1,4
812,3,Sunday,0,25
813,3,Saturday,23,47
814,3,Saturday,22,124
815,3,Saturday,21,204
816,3,Saturday,20,142
817,3,Saturday,19,102
818,3,Saturday,18,170
819,3,Saturday,17,225
820,3,Saturday,16,153
821,3,Saturday,15,223
822,3,Saturday,14,206
823,3,Saturday,13,126
824,3,Saturday,12,87
825,3,Saturday,11,210
826,3,Saturday,10,346
827,3,Saturday,9,358
828,3,Saturday,8,389
829,3,Saturday,7,314
830,3,Saturday,6,258
831,3,Saturday,5,63
832,3,Saturday,4,19
833,3,Saturday,3,2
834,3,Saturday,2,1
835,3,Saturday,1,5
836,3,Saturday,0,7
837,3,Monday,23,16
838,3,Monday,22,60
839,3,Monday,21,105
840,3,Monday,20,118
841,3,Monday,19,168
842,3,Monday,18,141
843,3,Monday,17,125
844,3,Monday,16,152
845,3,Monday,15,109
846,3,Monday,14,140
847,3,Monday,13,106
848,3,Monday,12,88
849,3,Monday,11,107
850,3,Monday,10,233
851,3,Monday,9,245
852,3,Monday,8,269
853,3,Monday,7,299
854,3,Monday,6,266
855,3,Monday,5,83
856,3,Monday,4,11
857,3,Monday,3,1
858,3,Monday,2,1
859,3,Monday,1,6
860,3,Monday,0,21
861,3,Friday,23,14
862,3,Friday,22,52
863,3,Friday,21,84
864,3,Friday,20,84
865,3,Friday,19,110
866,3,Friday,18,100
867,3,Friday,17,115
868,3,Friday,16,129
869,3,Friday,15,114
870,3,Friday,14,101
871,3,Friday,13,115
872,3,Friday,12,71
873,3,Friday,11,116
874,3,Friday,10,175
875,3,Friday,9,213
876,3,Friday,8,262
877,3,Friday,7,241
878,3,Friday,6,192
879,3,Friday,5,69
880,3,Friday,4,9
881,3,Friday,2,2
882,3,Friday,1,6
883,3,Friday,0,5
884,2,Wednesday,23,7
885,2,Wednesday,22,15
886,2,Wednesday,21,8
887,2,Wednesday,20,44
888,2,Wednesday,19,78
889,2,Wednesday,18,110
890,2,Wednesday,17,104
891,2,Wednesday,16,117
892,2,Wednesday,15,123
893,2,Wednesday,14,106
894,2,Wednesday,13,63
895,2,Wednesday,12,62
896,2,Wednesday,11,97
897,2,Wednesday,10,135
898,2,Wednesday,9,142
899,2,Wednesday,8,148
900,2,Wednesday,7,115
901,2,Wednesday,6,56
902,2,Wednesday,5,12
903,2,Wednesday,4,3
904,2,Wednesday,2,2
905,2,Wednesday,1,1
906,2,Tuesday,23,5
907,2,Tuesday,22,5
908,2,Tuesday,21,15
909,2,Tuesday,20,33
910,2,Tuesday,19,67
911,2,Tuesday,18,116
912,2,Tuesday,17,99
913,2,Tuesday,16,100
914,2,Tuesday,15,129
915,2,Tuesday,14,103
916,2,Tuesday,13,80
917,2,Tuesday,12,43
918,2,Tuesday,11,71
919,2,Tuesday,10,125
920,2,Tuesday,9,142
921,2,Tuesday,8,172
922,2,Tuesday,7,151
923,2,Tuesday,6,67
924,2,Tuesday,5,18
925,2,Tuesday,4,1
926,2,Tuesday,0,4
927,2,Thursday,23,5
928,2,Thursday,22,13
929,2,Thursday,21,16
930,2,Thursday,20,53
931,2,Thursday,19,76
932,2,Thursday,18,72
933,2,Thursday,17,80
934,2,Thursday,16,68
935,2,Thursday,15,79
936,2,Thursday,14,82
937,2,Thursday,13,63
938,2,Thursday,12,51
939,2,Thursday,11,113
940,2,Thursday,10,128
941,2,Thursday,9,177
942,2,Thursday,8,172
943,2,Thursday,7,170
944,2,Thursday,6,74
945,2,Thursday,5,33
946,2,Thursday,4,4
947,2,Thursday,3,1
948,2,Thursday,1,6
949,2,Thursday,0,5
950,2,Sunday,23,70
951,2,Sunday,22,136
952,2,Sunday,21,116
953,2,Sunday,20,60
954,2,Sunday,19,49
955,2,Sunday,18,109
956,2,Sunday,17,113
957,2,Sunday,16,83
958,2,Sunday,15,160
959,2,Sunday,14,107
960,2,Sunday,13,74
961,2,Sunday,12,75
962,2,Sunday,11,182
963,2,Sunday,10,249
964,2,Sunday,9,247
965,2,Sunday,8,267
966,2,Sunday,7,207
967,2,Sunday,6,127
968,2,Sunday,5,35
969,2,Sunday,4,12
970,2,Sunday,3,5
971,2,Sunday,2,4
972,2,Sunday,1,6
973,2,Sunday,0,20
974,2,Saturday,23,59
975,2,Saturday,22,153
976,2,Saturday,21,175
977,2,Saturday,20,64
978,2,Saturday,19,86
979,2,Saturday,18,153
980,2,Saturday,17,163
981,2,Saturday,16,127
982,2,Saturday,15,220
983,2,Saturday,14,187
984,2,Saturday,13,106
985,2,Saturday,12,91
986,2,Saturday,11,227
987,2,Saturday,10,274
988,2,Saturday,9,373
989,2,Saturday,8,312
990,2,Saturday,7,257
991,2,Saturday,6,116
992,2,Saturday,5,27
993,2,Saturday,4,5
994,2,Saturday,3,1
995,2,Saturday,1,2
996,2,Saturday,0,2
997,2,Monday,23,2
998,2,Monday,22,16
999,2,Monday,21,24
1000,2,Monday,20,41
1001,2,Monday,19,78
1002,2,Monday,18,66
1003,2,Monday,17,57
1004,2,Monday,16,71
1005,2,Monday,15,56
1006,2,Monday,14,79
1007,2,Monday,13,56
1008,2,Monday,12,50
1009,2,Monday,11,119
1010,2,Monday,10,127
1011,2,Monday,9,158
1012,2,Monday,8,134
1013,2,Monday,7,156
1014,2,Monday,6,118
1015,2,Monday,5,30
1016,2,Monday,4,7
1017,2,Monday,3,3
1018,2,Monday,2,1
1019,2,Monday,1,4
1020,2,Monday,0,19
1021,2,Friday,23,7
1022,2,Friday,22,10
1023,2,Friday,21,19
1024,2,Friday,20,40
1025,2,Friday,19,70
1026,2,Friday,18,58
1027,2,Friday,17,74
1028,2,Friday,16,99
1029,2,Friday,15,96
1030,2,Friday,14,74
1031,2,Friday,13,66
1032,2,Friday,12,67
1033,2,Friday,11,101
1034,2,Friday,10,138
1035,2,Friday,9,171
1036,2,Friday,8,167
1037,2,Friday,7,128
1038,2,Friday,6,70
1039,2,Friday,5,23
1040,2,Friday,4,8
1041,2,Friday,1,5
1042,2,Friday,0,4
1043,1,Wednesday,23,5
1044,1,Wednesday,22,8
1045,1,Wednesday,21,16
1046,1,Wednesday,20,18
1047,1,Wednesday,19,42
1048,1,Wednesday,18,37
1049,1,Wednesday,17,33
1050,1,Wednesday,16,51
1051,1,Wednesday,15,29
1052,1,Wednesday,14,19
1053,1,Wednesday,13,16
1054,1,Wednesday,12,16
1055,1,Wednesday,11,54
1056,1,Wednesday,10,57
1057,1,Wednesday,9,57
1058,1,Wednesday,8,100
1059,1,Wednesday,7,77
1060,1,Wednesday,6,34
1061,1,Wednesday,5,14
1062,1,Wednesday,4,2
1063,1,Tuesday,23,6
1064,1,Tuesday,22,5
1065,1,Tuesday,21,3
1066,1,Tuesday,20,22
1067,1,Tuesday,19,23
1068,1,Tuesday,18,35
1069,1,Tuesday,17,23
1070,1,Tuesday,16,32
1071,1,Tuesday,15,40
1072,1,Tuesday,14,25
1073,1,Tuesday,13,16
1074,1,Tuesday,12,11
1075,1,Tuesday,11,32
1076,1,Tuesday,10,46
1077,1,Tuesday,9,80
1078,1,Tuesday,8,62
1079,1,Tuesday,7,68
1080,1,Tuesday,6,49
1081,1,Tuesday,5,13
1082,1,Tuesday,3,1
1083,1,Thursday,23,3
1084,1,Thursday,22,7
1085,1,Thursday,21,1
1086,1,Thursday,20,8
1087,1,Thursday,19,43
1088,1,Thursday,18,45
1089,1,Thursday,17,30
1090,1,Thursday,16,34
1091,1,Thursday,15,22
1092,1,Thursday,14,35
1093,1,Thursday,13,26
1094,1,Thursday,12,27
1095,1,Thursday,11,54
1096,1,Thursday,10,69
1097,1,Thursday,9,98
1098,1,Thursday,8,110
1099,1,Thursday,7,104
1100,1,Thursday,6,53
1101,1,Thursday,5,30
1102,1,Thursday,4,4
1103,1,Thursday,3,2
1104,1,Thursday,1,2
1105,1,Sunday,23,15
1106,1,Sunday,22,59
1107,1,Sunday,21,91
1108,1,Sunday,20,34
1109,1,Sunday,19,15
1110,1,Sunday,18,33
1111,1,Sunday,17,30
1112,1,Sunday,16,35
1113,1,Sunday,15,19
1114,1,Sunday,14,11
1115,1,Sunday,13,14
1116,1,Sunday,12,16
1117,1,Sunday,11,58
1118,1,Sunday,10,65
1119,1,Sunday,9,84
1120,1,Sunday,8,100
1121,1,Sunday,7,56
1122,1,Sunday,6,49
1123,1,Sunday,5,16
1124,1,Sunday,4,4
1125,1,Sunday,3,4
1126,1,Sunday,1,2
1127,1,Sunday,0,16
1128,1,Saturday,23,13
1129,1,Saturday,22,52
1130,1,Saturday,21,63
1131,1,Saturday,20,19
1132,1,Saturday,19,15
1133,1,Saturday,18,21
1134,1,Saturday,17,26
1135,1,Saturday,16,20
1136,1,Saturday,15,34
1137,1,Saturday,14,17
1138,1,Saturday,13,22
1139,1,Saturday,12,21
1140,1,Saturday,11,36
1141,1,Saturday,10,50
1142,1,Saturday,9,71
1143,1,Saturday,8,86
1144,1,Saturday,7,75
1145,1,Saturday,6,45
1146,1,Saturday,5,8
1147,1,Saturday,3,1
1148,1,Saturday,0,1
1149,1,Monday,23,4
1150,1,Monday,22,6
1151,1,Monday,21,7
1152,1,Monday,20,7
1153,1,Monday,19,32
1154,1,Monday,18,30
1155,1,Monday,17,18
1156,1,Monday,16,28
1157,1,Monday,15,22
1158,1,Monday,14,28
1159,1,Monday,13,5
1160,1,Monday,12,11
1161,1,Monday,11,50
1162,1,Monday,10,32
1163,1,Monday,9,66
1164,1,Monday,8,73
1165,1,Monday,7,73
1166,1,Monday,6,53
1167,1,Monday,5,19
1168,1,Monday,4,2
1169,1,Monday,3,1
1170,1,Monday,2,2
1171,1,Monday,0,10
1172,1,Friday,23,4
1173,1,Friday,22,4
1174,1,Friday,21,11
1175,1,Friday,20,17
1176,1,Friday,19,22
1177,1,Friday,18,34
1178,1,Friday,17,28
1179,1,Friday,16,31
1180,1,Friday,15,36
1181,1,Friday,14,26
1182,1,Friday,13,19
1183,1,Friday,12,20
1184,1,Friday,11,82
1185,1,Friday,10,65
1186,1,Friday,9,92
1187,1,Friday,8,105
1188,1,Friday,7,84
1189,1,Friday,6,47
1190,1,Friday,5,23
1191,1,Friday,4,7
1192,1,Friday,1,1
1193,1,Friday,0,5
